customer_state,orders,promise_today_days,actual_median_days,promise_same_late_rate_days,pct_late,promise_change_days
BA,3183,29.01,16.92,33.09,13.76,4.07
CE,1253,31.27,18.22,38.05,15.48,6.79
DF,2031,24.09,11.56,22.93,7.24,-1.16
ES,1942,25.04,13.66,26.89,11.95,1.84
GO,1910,27.01,13.98,26.02,8.01,-0.99
MA,699,30.21,19.2,35.96,19.6,5.75
MG,11117,23.61,10.37,21.4,5.57,-2.22
MS,694,25.93,13.97,26.22,11.67,0.29
MT,864,31.23,16.14,28.99,6.71,-2.24
PA,923,36.12,21.07,42.08,11.81,5.96
PB,504,32.59,18.18,35.33,10.71,2.75
PE,1559,31.02,15.72,33.63,10.78,2.62
PR,4821,24.07,10.52,21.26,4.98,-2.81
RJ,12072,24.59,12.07,31.7,13.41,7.11
RS,5242,28.03,13.23,27.92,7.21,-0.11
SC,3465,25.09,13.06,27.34,9.78,2.25
SP,39677,18.93,7.22,16.99,5.89,-1.94
