corridor,seller_state,customer_state,items,avg_km,median_freight,median_freight_pct_of_price,total_freight
DF > SP,DF,SP,321,821,17.35,24.8,6268
MG > BA,MG,BA,424,1048,19.78,32.800000000000004,11098
MG > DF,MG,DF,205,592,16.6,25.7,4515
MG > ES,MG,ES,201,514,19.25,30.3,5134
MG > MG,MG,MG,1685,259,14.16,19.8,28950
MG > PR,MG,PR,413,806,19.59,30.7,10438
MG > RJ,MG,RJ,1302,374,18.04,26.900000000000002,32137
MG > RS,MG,RS,311,1252,26.89,39.1,10115
MG > SC,MG,SC,286,909,20.14,30.5,8299
MG > SP,MG,SP,2918,418,16.74,25.1,62834
PR > MG,PR,MG,934,884,19.65,21.3,21672
PR > PR,PR,PR,818,221,13.47,16.400000000000002,12863
PR > RJ,PR,RJ,1136,840,19.02,21.9,25437
PR > RS,PR,RS,694,633,17.98,21.8,14830
PR > SC,PR,SC,449,392,16.95,18.9,9184
PR > SP,PR,SP,3393,470,15.59,17.8,65494
RJ > MG,RJ,MG,621,378,16.83,15.9,11431
RJ > PR,RJ,PR,233,819,17.16,15.6,4580
RJ > RJ,RJ,RJ,1113,54,10.53,11.3,13845
RJ > RS,RJ,RS,225,1191,18.94,20.5,4909
RJ > SP,RJ,SP,1509,402,16.43,15.6,28910
RS > MG,RS,MG,218,1292,22.81,21.6,6388
RS > RJ,RS,RJ,266,1120,21.68,22.400000000000002,7516
RS > RS,RS,RS,323,146,13.61,14.2,5162
RS > SP,RS,SP,759,862,18.26,22.5,18057
SC > MG,SC,MG,479,950,23.32,26.0,13667
SC > PR,SC,PR,324,354,16.68,22.900000000000002,7096
SC > RJ,SC,RJ,537,785,19.71,25.6,13827
SC > RS,SC,RS,324,425,17.89,23.400000000000002,7354
SC > SC,SC,SC,306,141,13.75,18.5,5235
SC > SP,SC,SP,1501,512,17.95,23.5,33272
SP > AL,SP,AL,286,1905,34.15,37.3,9834
SP > BA,SP,BA,2684,1393,19.94,30.599999999999998,64995
SP > CE,SP,CE,1123,2258,26.75,33.5,34764
SP > DF,SP,DF,1456,805,16.46,25.4,29024
SP > ES,SP,ES,1633,788,17.61,25.8,33563
SP > GO,SP,GO,1685,745,17.74,26.700000000000003,34848
SP > MA,SP,MA,558,2181,34.43,43.9,21363
SP > MG,SP,MG,8643,495,17.6,27.3,175008
SP > MS,SP,MS,558,809,17.66,26.900000000000002,12149
SP > MT,SP,MT,766,1343,20.99,29.599999999999998,19606
SP > PA,SP,PA,781,2326,26.05,35.5,25015
SP > PB,SP,PB,393,2168,34.28,39.900000000000006,16739
SP > PE,SP,PE,1281,2049,26.33,34.0,39469
SP > PI,SP,PI,373,2013,34.15,35.9,14065
SP > PR,SP,PR,3636,464,17.67,28.4,74581
SP > RJ,SP,RJ,9622,443,17.19,25.8,196726
SP > RN,SP,RN,374,2261,34.31,35.4,13849
SP > RS,SP,RS,4170,907,17.67,28.000000000000004,86331
SP > SC,SP,SC,2735,565,17.67,28.000000000000004,56949
SP > SE,SP,SE,240,1726,34.15,41.199999999999996,9135
SP > SP,SP,SP,35884,151,11.85,18.8,473642
SP > TO,SP,TO,227,1480,29.08,38.800000000000004,8489
