customer_state,items,median_freight_pct_of_price,avg_km,total_freight,pct_items_from_sp,pilot_candidate
AC,91,34.8,2642.6,3660.3,73.6,Other
AL,443,32.8,1841.9,15863.0,64.6,Other
AM,165,41.0,2646.1,5478.9,66.7,Other
AP,82,33.0,2592.2,2788.5,75.6,Other
BA,3763,29.5,1345.2,99149.4,71.3,Pilot candidate
CE,1464,32.4,2192.9,47922.7,76.7,Pilot candidate
DF,2208,24.8,829.7,46478.9,65.9,Other
ES,2236,25.6,801.2,49255.6,73.0,Other
GO,2309,25.7,775.2,52436.1,73.0,Other
MA,815,39.9,2105.8,31254.7,68.5,Other
MG,13029,24.7,533.6,268744.2,66.3,Other
MS,816,25.1,846.8,19060.7,68.4,Other
MT,1048,29.0,1351.9,29572.1,73.1,Pilot candidate
PA,1076,34.8,2289.6,38555.0,72.6,Pilot candidate
PB,594,36.7,2095.7,25311.9,66.2,Other
PE,1796,32.8,1975.4,59106.9,71.3,Pilot candidate
PI,536,33.4,1962.2,21055.3,69.6,Other
PR,5695,25.7,487.8,116840.6,63.8,Other
RJ,14453,24.5,487.6,302732.7,66.6,Other
RN,527,32.0,2099.7,18792.6,71.0,Other
RO,274,40.1,2226.7,11249.7,71.9,Other
RR,51,42.9,3247.9,2209.5,76.5,Other
RS,6191,26.4,868.8,134317.2,67.4,Other
SC,4152,25.5,573.5,89272.4,65.9,Other
SE,384,34.8,1648.1,14060.3,62.5,Other
SP,47043,19.3,247.7,712504.6,76.3,Other
TO,312,36.6,1481.7,11635.7,72.8,Other
