origin,stage,sellers,pct_of_leads,stage_order
direct_traffic,1. Qualified leads,499,100.0,1
display,1. Qualified leads,118,100.0,1
email,1. Qualified leads,493,100.0,1
organic_search,1. Qualified leads,2296,100.0,1
other,1. Qualified leads,150,100.0,1
other_publicities,1. Qualified leads,65,100.0,1
paid_search,1. Qualified leads,1586,100.0,1
referral,1. Qualified leads,284,100.0,1
social,1. Qualified leads,1350,100.0,1
unknown,1. Qualified leads,1159,100.0,1
direct_traffic,2. Closed deals,56,11.2,2
display,2. Closed deals,6,5.1,2
email,2. Closed deals,15,3.0,2
organic_search,2. Closed deals,271,11.8,2
other,2. Closed deals,4,2.7,2
other_publicities,2. Closed deals,3,4.6,2
paid_search,2. Closed deals,195,12.3,2
referral,2. Closed deals,24,8.5,2
social,2. Closed deals,75,5.6,2
unknown,2. Closed deals,193,16.7,2
direct_traffic,3. Sold at least once,31,6.2,3
display,3. Sold at least once,2,1.7,3
email,3. Sold at least once,6,1.2,3
organic_search,3. Sold at least once,112,4.9,3
other,3. Sold at least once,2,1.3,3
other_publicities,3. Sold at least once,0,0.0,3
paid_search,3. Sold at least once,101,6.4,3
referral,3. Sold at least once,9,3.2,3
social,3. Sold at least once,31,2.3,3
unknown,3. Sold at least once,85,7.3,3
