category,products,rho_desc,p_desc,rho_name,p_name
air_conditioning,124,0.1032,0.2541,-0.0038,0.9668
auto,1882,0.0695,0.0026,0.0128,0.5804
baby,906,0.0194,0.5605,0.0703,0.0343
bed_bath_table,3022,-0.0228,0.2106,0.0133,0.4664
books_general_interest,211,0.1782,0.0095,0.0991,0.1516
books_technical,123,0.0925,0.3091,-0.1277,0.1592
computers_accessories,1630,0.043,0.0828,0.0005,0.9852
consoles_games,315,0.0197,0.7281,-0.0616,0.2758
construction_tools_construction,400,0.0672,0.1801,-0.043,0.3907
cool_stuff,783,0.0842,0.0184,0.0451,0.2074
electronics,513,-0.0388,0.3799,-0.0095,0.8305
fashion_bags_accessories,846,-0.1709,0.0,0.0547,0.1119
fashion_shoes,171,-0.1531,0.0456,-0.1647,0.0313
fixed_telephony,114,-0.0631,0.5048,-0.0734,0.4379
food_drink,102,0.1701,0.0873,-0.0591,0.555
furniture_decor,2641,0.0214,0.2725,0.0005,0.9792
furniture_living_room,155,-0.0165,0.8387,-0.1399,0.0824
garden_tools,748,0.0501,0.1713,-0.0066,0.8578
health_beauty,2430,0.0001,0.9957,0.0497,0.0143
home_appliances,369,0.1733,0.0008,-0.0867,0.0963
home_confort,111,0.0654,0.4952,-0.0838,0.3818
home_construction,225,-0.029,0.6654,0.004,0.9523
housewares,2314,0.009,0.6654,0.0799,0.0001
luggage_accessories,348,-0.0411,0.4447,0.0362,0.5011
market_place,103,0.0055,0.956,0.1501,0.1301
musical_instruments,284,0.1266,0.033,0.1006,0.0905
office_furniture,309,-0.2552,0.0,0.0001,0.9982
perfumery,865,0.0474,0.1635,0.0763,0.0249
pet_shop,717,0.0999,0.0074,0.0428,0.2524
small_appliances,226,0.1121,0.0926,0.0226,0.735
sports_leisure,2850,0.0964,0.0,0.0434,0.0205
stationery,844,0.0024,0.9434,0.1272,0.0002
telephony,1127,-0.0117,0.6943,0.0484,0.1045
toys,1396,0.0003,0.9896,0.0632,0.0182
watches_gifts,1322,-0.1486,0.0,0.1142,0.0
